Code,C,H,O,N,S,MW,Hyd,PR
A,3.0,7.0,2.0,1.0,0.0,89.09,1.8,7.0
C,3.0,7.0,2.0,1.0,1.0,121.16,2.5,4.8
D,4.0,7.0,4.0,1.0,0.0,133.1,-3.5,13.0
E,5.0,9.0,4.0,1.0,0.0,147.13,-3.5,12.5
F,9.0,11.0,2.0,1.0,0.0,165.19,2.8,5.0
G,2.0,5.0,2.0,1.0,0.0,75.07,-0.4,7.9
H,6.0,9.0,2.0,3.0,0.0,155.16,-3.2,8.4
I,6.0,13.0,2.0,1.0,0.0,131.17,4.5,4.9
K,6.0,14.0,2.0,2.0,0.0,146.19,-3.9,10.1
L,6.0,13.0,2.0,1.0,0.0,131.17,3.8,4.9
M,5.0,11.0,2.0,1.0,1.0,149.21,1.9,5.3
N,4.0,8.0,3.0,2.0,0.0,132.12,-3.5,10.0
P,5.0,9.0,2.0,1.0,0.0,115.13,-1.6,6.6
Q,5.0,10.0,3.0,2.0,0.0,146.15,-3.5,8.6
R,6.0,14.0,2.0,4.0,0.0,174.2,-4.5,9.1
S,3.0,7.0,3.0,1.0,0.0,105.09,-0.8,7.5
T,4.0,9.0,3.0,1.0,0.0,119.12,-0.7,6.6
V,5.0,11.0,2.0,1.0,0.0,117.15,4.2,5.6
W,11.0,12.0,2.0,2.0,0.0,204.22,-0.9,5.2
Y,9.0,11.0,3.0,1.0,0.0,181.19,-1.3,5.4
